header,target,directory
Gaudi/Details/PluginServiceCommon.h,Gaudi::GaudiPluginService,GaudiPluginService
Gaudi/Details/PluginServiceDetailsV1.h,Gaudi::GaudiPluginService,GaudiPluginService
Gaudi/Details/PluginServiceDetailsV2.h,Gaudi::GaudiPluginService,GaudiPluginService
Gaudi/PluginService.h,Gaudi::GaudiPluginService,GaudiPluginService
Gaudi/PluginServiceV1.h,Gaudi::GaudiPluginService,GaudiPluginService
Gaudi/PluginServiceV2.h,Gaudi::GaudiPluginService,GaudiPluginService
Gaudi/Details/PluginServiceCommon.h,Gaudi::Test_GaudiPluginService_UseCasesLib,GaudiPluginService
Gaudi/Details/PluginServiceDetailsV1.h,Gaudi::Test_GaudiPluginService_UseCasesLib,GaudiPluginService
Gaudi/Details/PluginServiceDetailsV2.h,Gaudi::Test_GaudiPluginService_UseCasesLib,GaudiPluginService
Gaudi/PluginService.h,Gaudi::Test_GaudiPluginService_UseCasesLib,GaudiPluginService
Gaudi/PluginServiceV1.h,Gaudi::Test_GaudiPluginService_UseCasesLib,GaudiPluginService
Gaudi/PluginServiceV2.h,Gaudi::Test_GaudiPluginService_UseCasesLib,GaudiPluginService
Gaudi/Details/PluginServiceCommon.h,Gaudi::Test_GaudiPluginService_LegacyUseCasesLib,GaudiPluginService
Gaudi/Details/PluginServiceDetailsV1.h,Gaudi::Test_GaudiPluginService_LegacyUseCasesLib,GaudiPluginService
Gaudi/Details/PluginServiceDetailsV2.h,Gaudi::Test_GaudiPluginService_LegacyUseCasesLib,GaudiPluginService
Gaudi/PluginService.h,Gaudi::Test_GaudiPluginService_LegacyUseCasesLib,GaudiPluginService
Gaudi/PluginServiceV1.h,Gaudi::Test_GaudiPluginService_LegacyUseCasesLib,GaudiPluginService
Gaudi/PluginServiceV2.h,Gaudi::Test_GaudiPluginService_LegacyUseCasesLib,GaudiPluginService
Gaudi/Accumulators.h,Gaudi::GaudiKernel,GaudiKernel
Gaudi/Accumulators/Histogram.h,Gaudi::GaudiKernel,GaudiKernel
Gaudi/Algorithm.h,Gaudi::GaudiKernel,GaudiKernel
Gaudi/Allocator/Arena.h,Gaudi::GaudiKernel,GaudiKernel
Gaudi/Application.h,Gaudi::GaudiKernel,GaudiKernel
Gaudi/Arena/Monotonic.h,Gaudi::GaudiKernel,GaudiKernel
Gaudi/Chrono/ChronoIO.h,Gaudi::GaudiKernel,GaudiKernel
Gaudi/Chrono/Counters.h,Gaudi::GaudiKernel,GaudiKernel
Gaudi/Details/Property.h,Gaudi::GaudiKernel,GaudiKernel
Gaudi/Details/PropertyBase.h,Gaudi::GaudiKernel,GaudiKernel
Gaudi/Interfaces/IOptionsSvc.h,Gaudi::GaudiKernel,GaudiKernel
Gaudi/Interfaces/IQueueingEventProcessor.h,Gaudi::GaudiKernel,GaudiKernel
Gaudi/MonitoringHub.h,Gaudi::GaudiKernel,GaudiKernel
Gaudi/Parsers/CommonParsers.h,Gaudi::GaudiKernel,GaudiKernel
Gaudi/Parsers/Factory.h,Gaudi::GaudiKernel,GaudiKernel
Gaudi/Parsers/Grammars.h,Gaudi::GaudiKernel,GaudiKernel
Gaudi/Parsers/InputData.h,Gaudi::GaudiKernel,GaudiKernel
Gaudi/Property.h,Gaudi::GaudiKernel,GaudiKernel
Gaudi/PropertyFwd.h,Gaudi::GaudiKernel,GaudiKernel
Gaudi/Sequence.h,Gaudi::GaudiKernel,GaudiKernel
Gaudi/Timers.h,Gaudi::GaudiKernel,GaudiKernel
Gaudi/Timers/GenericTimer.h,Gaudi::GaudiKernel,GaudiKernel
Gaudi/Timers/RdtscClock.h,Gaudi::GaudiKernel,GaudiKernel
GaudiKernel/AlgFactory.h,Gaudi::GaudiKernel,GaudiKernel
GaudiKernel/AlgTool.h,Gaudi::GaudiKernel,GaudiKernel
GaudiKernel/AlgToolHistory.h,Gaudi::GaudiKernel,GaudiKernel
GaudiKernel/Algorithm.h,Gaudi::GaudiKernel,GaudiKernel
GaudiKernel/AlgorithmHistory.h,Gaudi::GaudiKernel,GaudiKernel
GaudiKernel/Allocator.h,Gaudi::GaudiKernel,GaudiKernel
GaudiKernel/AllocatorPool.h,Gaudi::GaudiKernel,GaudiKernel
GaudiKernel/AnyDataHandle.h,Gaudi::GaudiKernel,GaudiKernel
GaudiKernel/AnyDataWrapper.h,Gaudi::GaudiKernel,GaudiKernel
GaudiKernel/AppReturnCode.h,Gaudi::GaudiKernel,GaudiKernel
GaudiKernel/AttribStringParser.h,Gaudi::GaudiKernel,GaudiKernel
GaudiKernel/AudFactory.h,Gaudi::GaudiKernel,GaudiKernel
GaudiKernel/Auditor.h,Gaudi::GaudiKernel,GaudiKernel
GaudiKernel/BoostArrayAsProperty.h,Gaudi::GaudiKernel,GaudiKernel
GaudiKernel/Bootstrap.h,Gaudi::GaudiKernel,GaudiKernel
GaudiKernel/CArrayAsProperty.h,Gaudi::GaudiKernel,GaudiKernel
GaudiKernel/Chrono.h,Gaudi::GaudiKernel,GaudiKernel
GaudiKernel/ChronoEntity.h,Gaudi::GaudiKernel,GaudiKernel
GaudiKernel/ClassID.h,Gaudi::GaudiKernel,GaudiKernel
GaudiKernel/CnvFactory.h,Gaudi::GaudiKernel,GaudiKernel
GaudiKernel/CommonMessaging.h,Gaudi::GaudiKernel,GaudiKernel
GaudiKernel/ComponentManager.h,Gaudi::GaudiKernel,GaudiKernel
GaudiKernel/ConcurrencyFlags.h,Gaudi::GaudiKernel,GaudiKernel
GaudiKernel/ContainedObject.h,Gaudi::GaudiKernel,GaudiKernel
GaudiKernel/ContainerFactoryDefs.h,Gaudi::GaudiKernel,GaudiKernel
GaudiKernel/ContextSpecificPtr.h,Gaudi::GaudiKernel,GaudiKernel
GaudiKernel/ConversionSvc.h,Gaudi::GaudiKernel,GaudiKernel
GaudiKernel/Converter.h,Gaudi::GaudiKernel,GaudiKernel
GaudiKernel/Coord3DTypes.h,Gaudi::GaudiKernel,GaudiKernel
GaudiKernel/Counters.h,Gaudi::GaudiKernel,GaudiKernel
GaudiKernel/DataHandle.h,Gaudi::GaudiKernel,GaudiKernel
GaudiKernel/DataHandleFinder.h,Gaudi::GaudiKernel,GaudiKernel
GaudiKernel/DataHandleHolderBase.h,Gaudi::GaudiKernel,GaudiKernel
GaudiKernel/DataHandleHolderVisitor.h,Gaudi::GaudiKernel,GaudiKernel
GaudiKernel/DataHandleProperty.h,Gaudi::GaudiKernel,GaudiKernel
GaudiKernel/DataHistory.h,Gaudi::GaudiKernel,GaudiKernel
GaudiKernel/DataIncident.h,Gaudi::GaudiKernel,GaudiKernel
GaudiKernel/DataObjID.h,Gaudi::GaudiKernel,GaudiKernel
GaudiKernel/DataObjIDProperty.h,Gaudi::GaudiKernel,GaudiKernel
GaudiKernel/DataObject.h,Gaudi::GaudiKernel,GaudiKernel
GaudiKernel/DataObjectHandle.h,Gaudi::GaudiKernel,GaudiKernel
GaudiKernel/DataObjectHandleBase.h,Gaudi::GaudiKernel,GaudiKernel
GaudiKernel/DataStoreItem.h,Gaudi::GaudiKernel,GaudiKernel
GaudiKernel/DataStreamTool.h,Gaudi::GaudiKernel,GaudiKernel
GaudiKernel/DataSvc.h,Gaudi::GaudiKernel,GaudiKernel
GaudiKernel/DataTypeInfo.h,Gaudi::GaudiKernel,GaudiKernel
GaudiKernel/Debugger.h,Gaudi::GaudiKernel,GaudiKernel
GaudiKernel/DeclareFactoryEntries.h,Gaudi::GaudiKernel,GaudiKernel
GaudiKernel/DirSearchPath.h,Gaudi::GaudiKernel,GaudiKernel
GaudiKernel/DllMain.icpp,Gaudi::GaudiKernel,GaudiKernel
GaudiKernel/Environment.h,Gaudi::GaudiKernel,GaudiKernel
GaudiKernel/EventContext.h,Gaudi::GaudiKernel,GaudiKernel
GaudiKernel/EventContextHash.h,Gaudi::GaudiKernel,GaudiKernel
GaudiKernel/EventIDBase.h,Gaudi::GaudiKernel,GaudiKernel
GaudiKernel/EventIDRange.h,Gaudi::GaudiKernel,GaudiKernel
GaudiKernel/EventSelectorDataStream.h,Gaudi::GaudiKernel,GaudiKernel
GaudiKernel/FileIncident.h,Gaudi::GaudiKernel,GaudiKernel
GaudiKernel/FindByMassRange.h,Gaudi::GaudiKernel,GaudiKernel
GaudiKernel/FunctionalFilterDecision.h,Gaudi::GaudiKernel,GaudiKernel
GaudiKernel/GaudiException.h,Gaudi::GaudiKernel,GaudiKernel
GaudiKernel/GaudiHandle.h,Gaudi::GaudiKernel,GaudiKernel
GaudiKernel/GenericAddress.h,Gaudi::GaudiKernel,GaudiKernel
GaudiKernel/GenericMatrixTypes.h,Gaudi::GaudiKernel,GaudiKernel
GaudiKernel/GenericVectorTypes.h,Gaudi::GaudiKernel,GaudiKernel
GaudiKernel/GrammarsV2.h,Gaudi::GaudiKernel,GaudiKernel
GaudiKernel/Guards.h,Gaudi::GaudiKernel,GaudiKernel
GaudiKernel/Hash.h,Gaudi::GaudiKernel,GaudiKernel
GaudiKernel/HashMap.h,Gaudi::GaudiKernel,GaudiKernel
GaudiKernel/HistoDef.h,Gaudi::GaudiKernel,GaudiKernel
GaudiKernel/HistoProperty.h,Gaudi::GaudiKernel,GaudiKernel
GaudiKernel/HistogramBase.h,Gaudi::GaudiKernel,GaudiKernel
GaudiKernel/HistoryObj.h,Gaudi::GaudiKernel,GaudiKernel
GaudiKernel/IAIDATupleSvc.h,Gaudi::GaudiKernel,GaudiKernel
GaudiKernel/IAddressCreator.h,Gaudi::GaudiKernel,GaudiKernel
GaudiKernel/IAlgContextSvc.h,Gaudi::GaudiKernel,GaudiKernel
GaudiKernel/IAlgExecStateSvc.h,Gaudi::GaudiKernel,GaudiKernel
GaudiKernel/IAlgManager.h,Gaudi::GaudiKernel,GaudiKernel
GaudiKernel/IAlgResourcePool.h,Gaudi::GaudiKernel,GaudiKernel
GaudiKernel/IAlgTool.h,Gaudi::GaudiKernel,GaudiKernel
GaudiKernel/IAlgorithm.h,Gaudi::GaudiKernel,GaudiKernel
GaudiKernel/IAppMgrUI.h,Gaudi::GaudiKernel,GaudiKernel
GaudiKernel/IAuditor.h,Gaudi::GaudiKernel,GaudiKernel
GaudiKernel/IAuditorSvc.h,Gaudi::GaudiKernel,GaudiKernel
GaudiKernel/IBinder.h,Gaudi::GaudiKernel,GaudiKernel
GaudiKernel/ICPUCrunchSvc.h,Gaudi::GaudiKernel,GaudiKernel
GaudiKernel/IChronoStatSvc.h,Gaudi::GaudiKernel,GaudiKernel
GaudiKernel/IChronoSvc.h,Gaudi::GaudiKernel,GaudiKernel
GaudiKernel/IClassIDSvc.h,Gaudi::GaudiKernel,GaudiKernel
GaudiKernel/IClassInfo.h,Gaudi::GaudiKernel,GaudiKernel
GaudiKernel/IClassManager.h,Gaudi::GaudiKernel,GaudiKernel
GaudiKernel/IComponentManager.h,Gaudi::GaudiKernel,GaudiKernel
GaudiKernel/ICondSvc.h,Gaudi::GaudiKernel,GaudiKernel
GaudiKernel/IConversionSvc.h,Gaudi::GaudiKernel,GaudiKernel
GaudiKernel/IConverter.h,Gaudi::GaudiKernel,GaudiKernel
GaudiKernel/ICounterSummarySvc.h,Gaudi::GaudiKernel,GaudiKernel
GaudiKernel/IDODAlgMapper.h,Gaudi::GaudiKernel,GaudiKernel
GaudiKernel/IDODNodeMapper.h,Gaudi::GaudiKernel,GaudiKernel
GaudiKernel/IDataBroker.h,Gaudi::GaudiKernel,GaudiKernel
GaudiKernel/IDataHandleHolder.h,Gaudi::GaudiKernel,GaudiKernel
GaudiKernel/IDataManagerSvc.h,Gaudi::GaudiKernel,GaudiKernel
GaudiKernel/IDataProviderSvc.h,Gaudi::GaudiKernel,GaudiKernel
GaudiKernel/IDataSelector.h,Gaudi::GaudiKernel,GaudiKernel
GaudiKernel/IDataSourceMgr.h,Gaudi::GaudiKernel,GaudiKernel
GaudiKernel/IDataStoreAgent.h,Gaudi::GaudiKernel,GaudiKernel
GaudiKernel/IDataStoreLeaves.h,Gaudi::GaudiKernel,GaudiKernel
GaudiKernel/IDataStreamTool.h,Gaudi::GaudiKernel,GaudiKernel
GaudiKernel/IDetDataSvc.h,Gaudi::GaudiKernel,GaudiKernel
GaudiKernel/IEventProcessor.h,Gaudi::GaudiKernel,GaudiKernel
GaudiKernel/IEventTimeDecoder.h,Gaudi::GaudiKernel,GaudiKernel
GaudiKernel/IEvtSelector.h,Gaudi::GaudiKernel,GaudiKernel
GaudiKernel/IExceptionSvc.h,Gaudi::GaudiKernel,GaudiKernel
GaudiKernel/IFileAccess.h,Gaudi::GaudiKernel,GaudiKernel
GaudiKernel/IFileMgr.h,Gaudi::GaudiKernel,GaudiKernel
GaudiKernel/IHistogramSvc.h,Gaudi::GaudiKernel,GaudiKernel
GaudiKernel/IHistorySvc.h,Gaudi::GaudiKernel,GaudiKernel
GaudiKernel/IHiveWhiteBoard.h,Gaudi::GaudiKernel,GaudiKernel
GaudiKernel/IIncidentListener.h,Gaudi::GaudiKernel,GaudiKernel
GaudiKernel/IIncidentSvc.h,Gaudi::GaudiKernel,GaudiKernel
GaudiKernel/IInspectable.h,Gaudi::GaudiKernel,GaudiKernel
GaudiKernel/IInspector.h,Gaudi::GaudiKernel,GaudiKernel
GaudiKernel/IInterface.h,Gaudi::GaudiKernel,GaudiKernel
GaudiKernel/IIoComponent.h,Gaudi::GaudiKernel,GaudiKernel
GaudiKernel/IIoComponentMgr.h,Gaudi::GaudiKernel,GaudiKernel
GaudiKernel/IMagneticFieldSvc.h,Gaudi::GaudiKernel,GaudiKernel
GaudiKernel/IMessageSvc.h,Gaudi::GaudiKernel,GaudiKernel
GaudiKernel/IMetaDataSvc.h,Gaudi::GaudiKernel,GaudiKernel
GaudiKernel/IMonitorSvc.h,Gaudi::GaudiKernel,GaudiKernel
GaudiKernel/INTuple.h,Gaudi::GaudiKernel,GaudiKernel
GaudiKernel/INTupleSvc.h,Gaudi::GaudiKernel,GaudiKernel
GaudiKernel/INamedInterface.h,Gaudi::GaudiKernel,GaudiKernel
GaudiKernel/IOpaqueAddress.h,Gaudi::GaudiKernel,GaudiKernel
GaudiKernel/IPartPropSvc.h,Gaudi::GaudiKernel,GaudiKernel
GaudiKernel/IParticlePropertySvc.h,Gaudi::GaudiKernel,GaudiKernel
GaudiKernel/IPartitionControl.h,Gaudi::GaudiKernel,GaudiKernel
GaudiKernel/IPersistencySvc.h,Gaudi::GaudiKernel,GaudiKernel
GaudiKernel/IProperty.h,Gaudi::GaudiKernel,GaudiKernel
GaudiKernel/IPublishSvc.h,Gaudi::GaudiKernel,GaudiKernel
GaudiKernel/IRegistry.h,Gaudi::GaudiKernel,GaudiKernel
GaudiKernel/IRndmEngine.h,Gaudi::GaudiKernel,GaudiKernel
GaudiKernel/IRndmGen.h,Gaudi::GaudiKernel,GaudiKernel
GaudiKernel/IRndmGenSvc.h,Gaudi::GaudiKernel,GaudiKernel
GaudiKernel/IRunable.h,Gaudi::GaudiKernel,GaudiKernel
GaudiKernel/IScheduler.h,Gaudi::GaudiKernel,GaudiKernel
GaudiKernel/ISelectStatement.h,Gaudi::GaudiKernel,GaudiKernel
GaudiKernel/ISerialize.h,Gaudi::GaudiKernel,GaudiKernel
GaudiKernel/IService.h,Gaudi::GaudiKernel,GaudiKernel
GaudiKernel/IStagerSvc.h,Gaudi::GaudiKernel,GaudiKernel
GaudiKernel/IStatSvc.h,Gaudi::GaudiKernel,GaudiKernel
GaudiKernel/IStateful.h,Gaudi::GaudiKernel,GaudiKernel
GaudiKernel/ISvcLocator.h,Gaudi::GaudiKernel,GaudiKernel
GaudiKernel/ISvcManager.h,Gaudi::GaudiKernel,GaudiKernel
GaudiKernel/ITHistSvc.h,Gaudi::GaudiKernel,GaudiKernel
GaudiKernel/IThreadInitTool.h,Gaudi::GaudiKernel,GaudiKernel
GaudiKernel/IThreadPoolSvc.h,Gaudi::GaudiKernel,GaudiKernel
GaudiKernel/ITimelineSvc.h,Gaudi::GaudiKernel,GaudiKernel
GaudiKernel/IToolSvc.h,Gaudi::GaudiKernel,GaudiKernel
GaudiKernel/IUpdateManagerSvc.h,Gaudi::GaudiKernel,GaudiKernel
GaudiKernel/IUpdateable.h,Gaudi::GaudiKernel,GaudiKernel
GaudiKernel/IValidity.h,Gaudi::GaudiKernel,GaudiKernel
GaudiKernel/IVersHistoryObj.h,Gaudi::GaudiKernel,GaudiKernel
GaudiKernel/Incident.h,Gaudi::GaudiKernel,GaudiKernel
GaudiKernel/JobHistory.h,Gaudi::GaudiKernel,GaudiKernel
GaudiKernel/Kernel.h,Gaudi::GaudiKernel,GaudiKernel
GaudiKernel/KeyedContainer.h,Gaudi::GaudiKernel,GaudiKernel
GaudiKernel/KeyedObject.h,Gaudi::GaudiKernel,GaudiKernel
GaudiKernel/KeyedObjectManager.h,Gaudi::GaudiKernel,GaudiKernel
GaudiKernel/KeyedTraits.h,Gaudi::GaudiKernel,GaudiKernel
GaudiKernel/LinkManager.h,Gaudi::GaudiKernel,GaudiKernel
GaudiKernel/ListItem.h,Gaudi::GaudiKernel,GaudiKernel
GaudiKernel/LoadFactoryEntries.h,Gaudi::GaudiKernel,GaudiKernel
GaudiKernel/LockedChrono.h,Gaudi::GaudiKernel,GaudiKernel
GaudiKernel/LockedHandle.h,Gaudi::GaudiKernel,GaudiKernel
GaudiKernel/Map.h,Gaudi::GaudiKernel,GaudiKernel
GaudiKernel/MapBase.h,Gaudi::GaudiKernel,GaudiKernel
GaudiKernel/Memory.h,Gaudi::GaudiKernel,GaudiKernel
GaudiKernel/Message.h,Gaudi::GaudiKernel,GaudiKernel
GaudiKernel/MinimalEventLoopMgr.h,Gaudi::GaudiKernel,GaudiKernel
GaudiKernel/ModuleIncident.h,Gaudi::GaudiKernel,GaudiKernel
GaudiKernel/ModuleInfo.h,Gaudi::GaudiKernel,GaudiKernel
GaudiKernel/MsgStream.h,Gaudi::GaudiKernel,GaudiKernel
GaudiKernel/NTuple.h,Gaudi::GaudiKernel,GaudiKernel
GaudiKernel/NTupleImplementation.h,Gaudi::GaudiKernel,GaudiKernel
GaudiKernel/NTupleItems.h,Gaudi::GaudiKernel,GaudiKernel
GaudiKernel/NamedRange.h,Gaudi::GaudiKernel,GaudiKernel
GaudiKernel/ObjectContainerBase.h,Gaudi::GaudiKernel,GaudiKernel
GaudiKernel/ObjectFactory.h,Gaudi::GaudiKernel,GaudiKernel
GaudiKernel/ObjectList.h,Gaudi::GaudiKernel,GaudiKernel
GaudiKernel/ObjectVector.h,Gaudi::GaudiKernel,GaudiKernel
GaudiKernel/Parsers.h,Gaudi::GaudiKernel,GaudiKernel
GaudiKernel/ParsersFactory.h,Gaudi::GaudiKernel,GaudiKernel
GaudiKernel/ParticleProperty.h,Gaudi::GaudiKernel,GaudiKernel
GaudiKernel/PathResolver.h,Gaudi::GaudiKernel,GaudiKernel
GaudiKernel/PhysicalConstants.h,Gaudi::GaudiKernel,GaudiKernel
GaudiKernel/Plane3DTypes.h,Gaudi::GaudiKernel,GaudiKernel
GaudiKernel/Point3DTypes.h,Gaudi::GaudiKernel,GaudiKernel
GaudiKernel/Point4DTypes.h,Gaudi::GaudiKernel,GaudiKernel
GaudiKernel/Property.h,Gaudi::GaudiKernel,GaudiKernel
GaudiKernel/PropertyFwd.h,Gaudi::GaudiKernel,GaudiKernel
GaudiKernel/PropertyHolder.h,Gaudi::GaudiKernel,GaudiKernel
GaudiKernel/PropertyList.h,Gaudi::GaudiKernel,GaudiKernel
GaudiKernel/PropertyMgr.h,Gaudi::GaudiKernel,GaudiKernel
GaudiKernel/PropertyTypeTraits.h,Gaudi::GaudiKernel,GaudiKernel
GaudiKernel/PropertyVerifier.h,Gaudi::GaudiKernel,GaudiKernel
GaudiKernel/Range.h,Gaudi::GaudiKernel,GaudiKernel
GaudiKernel/RefTable.h,Gaudi::GaudiKernel,GaudiKernel
GaudiKernel/RegistryEntry.h,Gaudi::GaudiKernel,GaudiKernel
GaudiKernel/RenounceToolInputsVisitor.h,Gaudi::GaudiKernel,GaudiKernel
GaudiKernel/RndmGenerators.h,Gaudi::GaudiKernel,GaudiKernel
GaudiKernel/SVectorAsProperty.h,Gaudi::GaudiKernel,GaudiKernel
GaudiKernel/SelectStatement.h,Gaudi::GaudiKernel,GaudiKernel
GaudiKernel/Selector.h,Gaudi::GaudiKernel,GaudiKernel
GaudiKernel/SerializeSTL.h,Gaudi::GaudiKernel,GaudiKernel
GaudiKernel/SerializeSTLFwd.h,Gaudi::GaudiKernel,GaudiKernel
GaudiKernel/Service.h,Gaudi::GaudiKernel,GaudiKernel
GaudiKernel/ServiceHandle.h,Gaudi::GaudiKernel,GaudiKernel
GaudiKernel/ServiceHistory.h,Gaudi::GaudiKernel,GaudiKernel
GaudiKernel/ServiceLocatorHelper.h,Gaudi::GaudiKernel,GaudiKernel
GaudiKernel/SharedObjectsContainer.h,Gaudi::GaudiKernel,GaudiKernel
GaudiKernel/Sleep.h,Gaudi::GaudiKernel,GaudiKernel
GaudiKernel/SmartDataLocator.h,Gaudi::GaudiKernel,GaudiKernel
GaudiKernel/SmartDataObjectPtr.h,Gaudi::GaudiKernel,GaudiKernel
GaudiKernel/SmartDataPtr.h,Gaudi::GaudiKernel,GaudiKernel
GaudiKernel/SmartDataStorePtr.h,Gaudi::GaudiKernel,GaudiKernel
GaudiKernel/SmartIF.h,Gaudi::GaudiKernel,GaudiKernel
GaudiKernel/SmartRef.h,Gaudi::GaudiKernel,GaudiKernel
GaudiKernel/SmartRefBase.h,Gaudi::GaudiKernel,GaudiKernel
GaudiKernel/SmartRefVector.h,Gaudi::GaudiKernel,GaudiKernel
GaudiKernel/Stat.h,Gaudi::GaudiKernel,GaudiKernel
GaudiKernel/StatEntity.h,Gaudi::GaudiKernel,GaudiKernel
GaudiKernel/StateMachine.h,Gaudi::GaudiKernel,GaudiKernel
GaudiKernel/StatusCode.h,Gaudi::GaudiKernel,GaudiKernel
GaudiKernel/StdArrayAsProperty.h,Gaudi::GaudiKernel,GaudiKernel
GaudiKernel/StreamBuffer.h,Gaudi::GaudiKernel,GaudiKernel
GaudiKernel/StringKey.h,Gaudi::GaudiKernel,GaudiKernel
GaudiKernel/SvcFactory.h,Gaudi::GaudiKernel,GaudiKernel
GaudiKernel/SymmetricMatrixTypes.h,Gaudi::GaudiKernel,GaudiKernel
GaudiKernel/System.h,Gaudi::GaudiKernel,GaudiKernel
GaudiKernel/SystemBase.h,Gaudi::GaudiKernel,GaudiKernel
GaudiKernel/SystemOfUnits.h,Gaudi::GaudiKernel,GaudiKernel
GaudiKernel/TaggedBool.h,Gaudi::GaudiKernel,GaudiKernel
GaudiKernel/ThreadLocalContext.h,Gaudi::GaudiKernel,GaudiKernel
GaudiKernel/Time.h,Gaudi::GaudiKernel,GaudiKernel
GaudiKernel/Time.icpp,Gaudi::GaudiKernel,GaudiKernel
GaudiKernel/Timing.h,Gaudi::GaudiKernel,GaudiKernel
GaudiKernel/ToStream.h,Gaudi::GaudiKernel,GaudiKernel
GaudiKernel/ToolFactory.h,Gaudi::GaudiKernel,GaudiKernel
GaudiKernel/ToolHandle.h,Gaudi::GaudiKernel,GaudiKernel
GaudiKernel/ToolVisitor.h,Gaudi::GaudiKernel,GaudiKernel
GaudiKernel/Transform3DTypes.h,Gaudi::GaudiKernel,GaudiKernel
GaudiKernel/Transform4DTypes.h,Gaudi::GaudiKernel,GaudiKernel
GaudiKernel/TsDataSvc.h,Gaudi::GaudiKernel,GaudiKernel
GaudiKernel/TypeNameString.h,Gaudi::GaudiKernel,GaudiKernel
GaudiKernel/UpdateManagerException.h,Gaudi::GaudiKernel,GaudiKernel
GaudiKernel/Vector3DTypes.h,Gaudi::GaudiKernel,GaudiKernel
GaudiKernel/Vector4DTypes.h,Gaudi::GaudiKernel,GaudiKernel
GaudiKernel/VectorMap.h,Gaudi::GaudiKernel,GaudiKernel
GaudiKernel/VectorsAsProperty.h,Gaudi::GaudiKernel,GaudiKernel
GaudiKernel/WatchdogThread.h,Gaudi::GaudiKernel,GaudiKernel
GaudiKernel/apply.h,Gaudi::GaudiKernel,GaudiKernel
GaudiKernel/boost_allocator.h,Gaudi::GaudiKernel,GaudiKernel
GaudiKernel/compose.h,Gaudi::GaudiKernel,GaudiKernel
GaudiKernel/detected.h,Gaudi::GaudiKernel,GaudiKernel
GaudiKernel/extend_interfaces.h,Gaudi::GaudiKernel,GaudiKernel
GaudiKernel/extends.h,Gaudi::GaudiKernel,GaudiKernel
GaudiKernel/finally.h,Gaudi::GaudiKernel,GaudiKernel
GaudiKernel/implements.h,Gaudi::GaudiKernel,GaudiKernel
GaudiKernel/invoke.h,Gaudi::GaudiKernel,GaudiKernel
GaudiKernel/reverse.h,Gaudi::GaudiKernel,GaudiKernel
GaudiKernel/strcasecmp.h,Gaudi::GaudiKernel,GaudiKernel
GaudiKernel/swab.h,Gaudi::GaudiKernel,GaudiKernel
GaudiKernel/time_r.h,Gaudi::GaudiKernel,GaudiKernel
GaudiUtils/Aida2ROOT.h,Gaudi::GaudiUtilsLib,GaudiUtils
GaudiUtils/Histo2String.h,Gaudi::GaudiUtilsLib,GaudiUtils
GaudiUtils/HistoDump.h,Gaudi::GaudiUtilsLib,GaudiUtils
GaudiUtils/HistoLabels.h,Gaudi::GaudiUtilsLib,GaudiUtils
GaudiUtils/HistoParsers.h,Gaudi::GaudiUtilsLib,GaudiUtils
GaudiUtils/HistoStats.h,Gaudi::GaudiUtilsLib,GaudiUtils
GaudiUtils/HistoStrings.h,Gaudi::GaudiUtilsLib,GaudiUtils
GaudiUtils/HistoTableFormat.h,Gaudi::GaudiUtilsLib,GaudiUtils
GaudiUtils/HistoXML.h,Gaudi::GaudiUtilsLib,GaudiUtils
GaudiUtils/IFileCatalog.h,Gaudi::GaudiUtilsLib,GaudiUtils
GaudiUtils/IFileCatalogMgr.h,Gaudi::GaudiUtilsLib,GaudiUtils
GaudiUtils/IIODataManager.h,Gaudi::GaudiUtilsLib,GaudiUtils
GaudiUtils/ISignalMonitor.h,Gaudi::GaudiUtilsLib,GaudiUtils
GaudiUtils/QuasiRandom.h,Gaudi::GaudiUtilsLib,GaudiUtils
GaudiUtils/RegEx.h,Gaudi::GaudiUtilsLib,GaudiUtils
GaudiAlg/Consumer.h,Gaudi::GaudiAlgLib,GaudiAlg
GaudiAlg/EventCounter.h,Gaudi::GaudiAlgLib,GaudiAlg
GaudiAlg/Fill.h,Gaudi::GaudiAlgLib,GaudiAlg
GaudiAlg/FilterPredicate.h,Gaudi::GaudiAlgLib,GaudiAlg
GaudiAlg/FixTESPath.h,Gaudi::GaudiAlgLib,GaudiAlg
GaudiAlg/FunctionalDetails.h,Gaudi::GaudiAlgLib,GaudiAlg
GaudiAlg/FunctionalTool.h,Gaudi::GaudiAlgLib,GaudiAlg
GaudiAlg/FunctionalUtilities.h,Gaudi::GaudiAlgLib,GaudiAlg
GaudiAlg/GaudiAlg.h,Gaudi::GaudiAlgLib,GaudiAlg
GaudiAlg/GaudiAlgorithm.h,Gaudi::GaudiAlgLib,GaudiAlg
GaudiAlg/GaudiCommon.h,Gaudi::GaudiAlgLib,GaudiAlg
GaudiAlg/GaudiCommonImp.h,Gaudi::GaudiAlgLib,GaudiAlg
GaudiAlg/GaudiHistoAlg.h,Gaudi::GaudiAlgLib,GaudiAlg
GaudiAlg/GaudiHistoID.h,Gaudi::GaudiAlgLib,GaudiAlg
GaudiAlg/GaudiHistoTool.h,Gaudi::GaudiAlgLib,GaudiAlg
GaudiAlg/GaudiHistos.h,Gaudi::GaudiAlgLib,GaudiAlg
GaudiAlg/GaudiHistos.icpp,Gaudi::GaudiAlgLib,GaudiAlg
GaudiAlg/GaudiHistos_1DFixedBinning.icpp,Gaudi::GaudiAlgLib,GaudiAlg
GaudiAlg/GaudiHistos_1DProfFixedBinning.icpp,Gaudi::GaudiAlgLib,GaudiAlg
GaudiAlg/GaudiHistos_1DProfVariableBinning.icpp,Gaudi::GaudiAlgLib,GaudiAlg
GaudiAlg/GaudiHistos_1DVariableBinning.icpp,Gaudi::GaudiAlgLib,GaudiAlg
GaudiAlg/GaudiHistos_2DFixedBinning.icpp,Gaudi::GaudiAlgLib,GaudiAlg
GaudiAlg/GaudiHistos_2DProfFixedBinning.icpp,Gaudi::GaudiAlgLib,GaudiAlg
GaudiAlg/GaudiHistos_2DProfVariableBinning.icpp,Gaudi::GaudiAlgLib,GaudiAlg
GaudiAlg/GaudiHistos_2DVariableBinning.icpp,Gaudi::GaudiAlgLib,GaudiAlg
GaudiAlg/GaudiHistos_3DFixedBinning.icpp,Gaudi::GaudiAlgLib,GaudiAlg
GaudiAlg/GaudiHistos_3DVariableBinning.icpp,Gaudi::GaudiAlgLib,GaudiAlg
GaudiAlg/GaudiSequencer.h,Gaudi::GaudiAlgLib,GaudiAlg
GaudiAlg/GaudiTool.h,Gaudi::GaudiAlgLib,GaudiAlg
GaudiAlg/GaudiTupleAlg.h,Gaudi::GaudiAlgLib,GaudiAlg
GaudiAlg/GaudiTupleTool.h,Gaudi::GaudiAlgLib,GaudiAlg
GaudiAlg/GaudiTuples.h,Gaudi::GaudiAlgLib,GaudiAlg
GaudiAlg/GaudiTuples.icpp,Gaudi::GaudiAlgLib,GaudiAlg
GaudiAlg/GetAlg.h,Gaudi::GaudiAlgLib,GaudiAlg
GaudiAlg/GetAlgs.h,Gaudi::GaudiAlgLib,GaudiAlg
GaudiAlg/GetData.h,Gaudi::GaudiAlgLib,GaudiAlg
GaudiAlg/HbookName.h,Gaudi::GaudiAlgLib,GaudiAlg
GaudiAlg/HistoID.h,Gaudi::GaudiAlgLib,GaudiAlg
GaudiAlg/IErrorTool.h,Gaudi::GaudiAlgLib,GaudiAlg
GaudiAlg/IGenericTool.h,Gaudi::GaudiAlgLib,GaudiAlg
GaudiAlg/IHistoTool.h,Gaudi::GaudiAlgLib,GaudiAlg
GaudiAlg/ISequencerTimerTool.h,Gaudi::GaudiAlgLib,GaudiAlg
GaudiAlg/ITupleTool.h,Gaudi::GaudiAlgLib,GaudiAlg
GaudiAlg/ListTransformer.h,Gaudi::GaudiAlgLib,GaudiAlg
GaudiAlg/Maps.h,Gaudi::GaudiAlgLib,GaudiAlg
GaudiAlg/MergingTransformer.h,Gaudi::GaudiAlgLib,GaudiAlg
GaudiAlg/Prescaler.h,Gaudi::GaudiAlgLib,GaudiAlg
GaudiAlg/Print.h,Gaudi::GaudiAlgLib,GaudiAlg
GaudiAlg/Producer.h,Gaudi::GaudiAlgLib,GaudiAlg
GaudiAlg/ScalarTransformer.h,Gaudi::GaudiAlgLib,GaudiAlg
GaudiAlg/Sequencer.h,Gaudi::GaudiAlgLib,GaudiAlg
GaudiAlg/SplittingMergingTransformer.h,Gaudi::GaudiAlgLib,GaudiAlg
GaudiAlg/SplittingTransformer.h,Gaudi::GaudiAlgLib,GaudiAlg
GaudiAlg/Transformer.h,Gaudi::GaudiAlgLib,GaudiAlg
GaudiAlg/Tuple.h,Gaudi::GaudiAlgLib,GaudiAlg
GaudiAlg/TupleDetail.h,Gaudi::GaudiAlgLib,GaudiAlg
GaudiAlg/TupleID.h,Gaudi::GaudiAlgLib,GaudiAlg
GaudiAlg/TupleObj.h,Gaudi::GaudiAlgLib,GaudiAlg
GaudiAlg/TuplePut.h,Gaudi::GaudiAlgLib,GaudiAlg
GaudiAlg/Tuples.h,Gaudi::GaudiAlgLib,GaudiAlg
GaudiCommonSvc/Annotation.h,Gaudi::GaudiCommonSvcLib,GaudiCommonSvc
GaudiCommonSvc/Axis.h,Gaudi::GaudiCommonSvcLib,GaudiCommonSvc
GaudiCommonSvc/Generic1D.h,Gaudi::GaudiCommonSvcLib,GaudiCommonSvc
GaudiCommonSvc/Generic2D.h,Gaudi::GaudiCommonSvcLib,GaudiCommonSvc
GaudiCommonSvc/Generic3D.h,Gaudi::GaudiCommonSvcLib,GaudiCommonSvc
GaudiCommonSvc/H1D.h,Gaudi::GaudiCommonSvcLib,GaudiCommonSvc
GaudiCommonSvc/H2D.h,Gaudi::GaudiCommonSvcLib,GaudiCommonSvc
GaudiCommonSvc/H3D.h,Gaudi::GaudiCommonSvcLib,GaudiCommonSvc
GaudiCommonSvc/HistogramSvc.h,Gaudi::GaudiCommonSvcLib,GaudiCommonSvc
GaudiCommonSvc/HistogramUtility.h,Gaudi::GaudiCommonSvcLib,GaudiCommonSvc
GaudiCommonSvc/P1D.h,Gaudi::GaudiCommonSvcLib,GaudiCommonSvc
GaudiCommonSvc/P2D.h,Gaudi::GaudiCommonSvcLib,GaudiCommonSvc
GaudiHive/HiveSlimEventLoopMgr.h,Gaudi::GaudiHiveHeaders,GaudiHive
GaudiHive/HiveTestAlgorithm.h,Gaudi::GaudiHiveHeaders,GaudiHive
GaudiMP/PyROOTPickle.h,Gaudi::GaudiMPLib,GaudiMP
GaudiMP/TESSerializer.h,Gaudi::GaudiMPLib,GaudiMP
GaudiProfiling/PfmCodeAnalyser.h,Gaudi::GaudiProfilingHeaders,GaudiProfiling
GaudiPython/AlgDecorators.h,Gaudi::GaudiPythonLib,GaudiPython
GaudiPython/Algorithm.h,Gaudi::GaudiPythonLib,GaudiPython
GaudiPython/CallbackStreamBuf.h,Gaudi::GaudiPythonLib,GaudiPython
GaudiPython/GaudiPython.h,Gaudi::GaudiPythonLib,GaudiPython
GaudiPython/Helpers.h,Gaudi::GaudiPythonLib,GaudiPython
GaudiPython/HistoDecorator.h,Gaudi::GaudiPythonLib,GaudiPython
GaudiPython/Interface.h,Gaudi::GaudiPythonLib,GaudiPython
GaudiPython/Printer.h,Gaudi::GaudiPythonLib,GaudiPython
GaudiPython/TupleDecorator.h,Gaudi::GaudiPythonLib,GaudiPython
GaudiPython/Vector.h,Gaudi::GaudiPythonLib,GaudiPython
RootCnv/PoolClasses.h,Gaudi::RootCnvLib,RootCnv
RootCnv/RootAddress.h,Gaudi::RootCnvLib,RootCnv
RootCnv/RootCnvSvc.h,Gaudi::RootCnvLib,RootCnv
RootCnv/RootConverter.h,Gaudi::RootCnvLib,RootCnv
RootCnv/RootDataConnection.h,Gaudi::RootCnvLib,RootCnv
RootCnv/RootDatabaseCnv.h,Gaudi::RootCnvLib,RootCnv
RootCnv/RootDirectoryCnv.h,Gaudi::RootCnvLib,RootCnv
RootCnv/RootEvtSelector.h,Gaudi::RootCnvLib,RootCnv
RootCnv/RootNTupleCnv.h,Gaudi::RootCnvLib,RootCnv
RootCnv/RootPerfMonSvc.h,Gaudi::RootCnvLib,RootCnv
RootCnv/RootRefs.h,Gaudi::RootCnvLib,RootCnv
RootCnv/RootStatCnv.h,Gaudi::RootCnvLib,RootCnv
RootCnv/SysProcStat.h,Gaudi::RootCnvLib,RootCnv
Gaudi/Examples/Conditions/CondSvc.h,Gaudi::GaudiExamplesLib,GaudiExamples
Gaudi/Examples/Conditions/ConditionAccessorHolder.h,Gaudi::GaudiExamplesLib,GaudiExamples
GaudiExamples/Collision.h,Gaudi::GaudiExamplesLib,GaudiExamples
GaudiExamples/Counter.h,Gaudi::GaudiExamplesLib,GaudiExamples
GaudiExamples/Event.h,Gaudi::GaudiExamplesLib,GaudiExamples
GaudiExamples/MyTrack.h,Gaudi::GaudiExamplesLib,GaudiExamples
GaudiExamples/MyVertex.h,Gaudi::GaudiExamplesLib,GaudiExamples
